,Country(Entity),Year,Code,Rate: Schizophrenia,Rate: Depressive disorders,Rate: Anxiety disorders,Rate: Bipolar disorders,Rate: Eating disorders,DALYs: Schizophrenia,DALYs: Depressive disorders,DALYs: Anxiety disorders,DALYs: Bipolar disorder,DALYs: Eating disorders,Country,cluster
0,Afghanistan,2019,AFG,0.21777739,4.945168,4.8510346,0.6996446,0.117413975,135.63637,890.1888,457.2457,148.22464,24.71175,Afghanistan,purple
1,Albania,2019,ALB,0.2875006,2.4602032,3.8375373,0.5420086,0.1366484,185.53891,386.41925,368.115,117.631195,29.221224,Albania,pink
2,Algeria,2019,DZA,0.24913543,4.1296806,4.771976,0.7562755,0.2106033,160.01306,736.5149,458.80023,163.71942,44.83972,Algeria,dark purple
3,American Samoa,2019,ASM,0.30339977,2.659042,4.044245,0.27973238,0.12815624,192.81041,393.94205,384.18695,59.720222,27.35564,American Samoa,pink
4,Andorra,2019,AND,0.28651825,3.6072073,5.45341,0.93481266,0.5208916,183.04898,626.0286,522.7868,201.29405,111.03082,Andorra,dark purple
5,Angola,2019,AGO,0.21982822,5.7441936,3.9340954,0.5538995,0.13675597,139.54544,1046.8824,374.53,119.01723,29.0103,Angola,purple
6,Antigua and Barbuda,2019,ATG,0.28866282,3.0286796,4.3341727,0.94397974,0.27095023,185.28218,524.05865,414.30817,204.71199,57.66441,Antigua and Barbuda,dark purple
7,Argentina,2019,ARG,0.31154236,2.4075098,4.982973,1.039092,0.33220056,199.65488,429.61588,477.98843,225.17241,70.74922,Argentina,pink
8,Armenia,2019,ARM,0.28262022,2.9836516,3.1505976,0.541465,0.12600231,182.80116,492.7479,302.23453,117.56188,27.125288,Armenia,pink
9,Australia,2019,AUS,0.3886459,4.382458,5.8151646,1.1250612,1.0316882,247.17456,798.7173,555.26514,242.07814,218.70439,Australia,dark purple
10,Austria,2019,AUT,0.27674544,3.125201,6.0064344,0.90043485,0.5622296,176.50761,523.2631,575.83685,193.48299,121.656265,Austria,dark purple
11,Azerbaijan,2019,AZE,0.2827107,2.7526312,2.4775383,0.52214134,0.1438001,182.70216,445.10825,237.73558,113.528145,30.906233,Azerbaijan,pink
12,Bahamas,2019,BHS,0.284808,3.0623364,4.3490176,0.8992322,0.2916803,182.68784,531.3213,416.27075,195.08301,62.05504,Bahamas,dark purple
13,Bahrain,2019,BHR,0.27094802,4.5280886,4.937836,0.78144014,0.2906812,173.44676,823.25116,474.18597,168.85402,61.88353,Bahrain,purple
14,Bangladesh,2019,BGD,0.27618745,4.6198096,3.1809232,0.38930306,0.11529978,176.63086,822.1981,302.1657,83.65889,24.672476,Bangladesh,purple
15,Barbados,2019,BRB,0.28256494,3.1782775,4.328706,0.9328537,0.2400891,181.88324,556.71906,414.7921,202.5276,51.197838,Barbados,dark purple
16,Belarus,2019,BLR,0.2773241,3.824539,3.4831994,0.5208894,0.1341819,178.38504,668.0858,333.80008,112.823784,28.878674,Belarus,dark purple
17,Belgium,2019,BEL,0.27416807,3.5420222,5.04724,0.90031374,0.4368189,173.76334,619.5705,482.79935,193.01605,93.59866,Belgium,dark purple
18,Belize,2019,BLZ,0.27070037,3.309065,4.1840634,0.9075041,0.19617338,173.7743,583.7452,400.1483,196.79114,41.74857,Belize,dark purple
19,Benin,2019,BEN,0.21354277,4.447893,3.2288494,0.5455701,0.099465676,137.02841,772.87683,309.66983,117.99786,21.280617,Benin,purple
20,Bermuda,2019,BMU,0.30534044,3.177548,4.329229,0.9773684,0.3673627,197.17627,558.2398,416.2729,213.05368,78.34156,Bermuda,dark purple
21,Bhutan,2019,BTN,0.28670922,4.024815,3.2678254,0.39228165,0.14370656,183.30133,696.86163,309.87375,84.297745,30.64162,Bhutan,purple
22,Bolivia,2019,BOL,0.2665534,3.3994322,5.7405457,0.88712376,0.23742174,171.19608,600.0662,548.67444,192.41281,50.45538,Bolivia,dark purple
23,Bosnia and Herzegovina,2019,BIH,0.2866613,2.7624497,3.5371947,0.5489406,0.13697994,183.50687,445.30902,337.393,118.46757,29.370783,Bosnia and Herzegovina,pink
24,Botswana,2019,BWA,0.22516066,4.2572603,3.5533912,0.54089737,0.17784883,140.99132,721.8574,335.34027,115.02767,37.603317,Botswana,purple
25,Brazil,2019,BRA,0.27764335,3.8015563,7.410114,1.1118531,0.23241082,176.63608,686.55817,703.0959,239.5269,49.264797,Brazil,dark purple
26,Brunei,2019,BRN,0.3041013,1.6031243,2.856928,0.60645264,0.4247467,195.93474,260.28622,274.95563,131.40211,92.2495,Brunei,pink
27,Bulgaria,2019,BGR,0.28809503,2.6916606,3.3973696,0.46639755,0.15696159,185.39047,431.78638,325.23016,101.005745,33.562973,Bulgaria,pink
28,Burkina Faso,2019,BFA,0.20788535,4.378302,3.116734,0.5353396,0.092556745,133.73306,757.652,298.70984,115.881874,19.86498,Burkina Faso,purple
29,Burundi,2019,BDI,0.20041312,4.705153,3.6385643,0.5794055,0.071074806,126.52365,811.356,344.90887,123.836136,15.21377,Burundi,purple
30,Cambodia,2019,KHM,0.27349776,2.9500995,4.579762,0.3179395,0.08394735,175.94266,456.35535,436.24686,68.494514,18.154089,Cambodia,pink
31,Cameroon,2019,CMR,0.21315666,4.6046395,3.1999922,0.5344366,0.112020984,136.29376,803.687,306.0481,115.08518,23.95284,Cameroon,purple
32,Canada,2019,CAN,0.28864193,3.2904658,4.3206058,0.8052512,0.4285759,185.05113,556.0068,412.78735,174.40617,91.604485,Canada,dark purple
33,Cape Verde,2019,CPV,0.22955641,4.8429317,3.0854897,0.5780113,0.13719739,147.96834,861.724,297.17886,125.369354,29.379734,Cape Verde,purple
34,Central African Republic,2019,CAF,0.1913885,5.9238467,4.405564,0.5299282,0.07151896,120.39889,1078.6921,416.3389,112.88923,15.274811,Central African Republic,purple
35,Chad,2019,TCD,0.21059208,5.1334114,3.3696513,0.53775066,0.09834646,134.53276,915.29114,322.20352,115.67919,20.962124,Chad,purple
36,Chile,2019,CHL,0.3177609,3.6435125,5.4619493,0.9951639,0.35876754,203.64383,677.5856,522.145,215.13377,76.24141,Chile,dark purple
37,China,2019,CHN,0.30997753,2.7240157,3.1641822,0.18180744,0.11261842,202.42096,416.94873,306.01974,39.63712,24.539595,China,pink
38,Colombia,2019,COL,0.2798771,2.2196279,4.701662,0.7398617,0.22084343,180.04437,366.74728,451.81342,160.69984,47.176605,Colombia,pink
39,Comoros,2019,COM,0.21719986,4.2631598,3.554554,0.6087087,0.08927621,139.61304,724.82367,340.42432,131.70442,19.213802,Comoros,purple
40,Congo,2019,COG,0.21529643,5.5257406,3.7367034,0.545334,0.1295494,136.72926,999.47705,355.10745,116.9855,27.456446,Congo,purple
41,Cook Islands,2019,COK,0.31270695,3.1608856,4.08579,0.28193375,0.15669662,200.09383,500.36807,390.17142,60.458645,33.49767,Cook Islands,pink
42,Costa Rica,2019,CRI,0.28596833,3.2132857,4.195216,0.8727019,0.23688456,183.54181,568.7637,402.4887,189.56941,50.558132,Costa Rica,dark purple
43,Cote d'Ivoire,2019,CIV,0.21353905,3.9350774,3.2402778,0.5315454,0.11432516,136.53665,664.3284,310.09085,114.53062,24.407978,Cote d'Ivoire,dark purple
44,Croatia,2019,HRV,0.29412583,3.0076077,3.5950115,0.5449874,0.169517,188.46555,495.59067,343.2809,117.81217,36.482346,Croatia,pink
45,Cuba,2019,CUB,0.2805326,3.802294,4.2468786,0.9477054,0.19164725,180.25484,684.9164,406.79276,205.79816,40.871693,Cuba,dark purple
46,Cyprus,2019,CYP,0.27398312,3.1127021,6.4671764,0.9104203,0.40809122,174.9392,521.44666,619.9741,196.1184,86.592476,Cyprus,dark purple
47,Czechia,2019,CZE,0.29657868,2.878852,3.1539073,0.54714864,0.19224705,189.61565,469.21088,300.5031,118.0023,41.344498,Czechia,pink
48,Democratic Republic of Congo,2019,COD,0.20435695,5.44306,3.8151321,0.55652803,0.074727066,129.41621,979.4431,361.17035,118.94087,15.986705,Democratic Republic of Congo,purple
49,Denmark,2019,DNK,0.2413819,3.4828994,4.873904,0.94029397,0.47125348,153.58748,597.09955,466.41702,202.26764,100.18259,Denmark,dark purple
50,Djibouti,2019,DJI,0.22082785,4.4612656,3.25465,0.60729665,0.11031635,141.9528,769.69653,312.10767,131.45888,23.644262,Djibouti,purple
51,Dominica,2019,DMA,0.27476716,3.0847688,4.2796836,0.9012004,0.2061602,175.7659,535.45013,408.60886,195.00146,43.83957,Dominica,dark purple
52,Dominican Republic,2019,DOM,0.27786973,3.8231027,4.50035,0.910109,0.22997883,178.59055,691.10175,430.92667,197.64253,48.910603,Dominican Republic,dark purple
53,East Timor,2019,TLS,0.26271933,2.804642,3.7955263,0.31600568,0.09486652,168.57571,427.70523,362.28882,67.93627,20.431328,East Timor,pink
54,Ecuador,2019,ECU,0.27563453,3.3306973,5.2311482,0.90765,0.2837155,177.8063,588.5183,501.4449,197.10313,60.3905,Ecuador,dark purple
55,Egypt,2019,EGY,0.2475693,3.9397578,4.5883927,0.72391546,0.19892646,159.07712,696.6078,441.84732,156.85898,42.358566,Egypt,dark purple
56,El Salvador,2019,SLV,0.26860753,3.4073691,4.4097867,0.8259098,0.19801193,171.1129,607.14453,421.28247,178.40106,42.22388,El Salvador,dark purple
57,Equatorial Guinea,2019,GNQ,0.23602559,5.728945,3.80493,0.55335176,0.21130088,149.54132,1041.5941,360.8932,118.50275,44.708374,Equatorial Guinea,purple
58,Eritrea,2019,ERI,0.20744848,4.841218,3.7323155,0.584047,0.087786816,131.83716,840.27264,354.82016,125.30039,18.802757,Eritrea,purple
59,Estonia,2019,EST,0.29009965,3.6936426,3.3788164,0.5227906,0.1751613,186.60797,639.97504,323.84485,113.21128,37.601204,Estonia,dark purple
60,Eswatini,2019,SWZ,0.21762118,4.4255295,3.4919646,0.5346536,0.1505392,135.50989,752.9645,328.2068,113.30096,31.691189,Eswatini,purple
61,Ethiopia,2019,ETH,0.21338312,4.64972,3.4656384,0.6143768,0.086156204,136.74411,808.7015,331.143,132.55504,18.469007,Ethiopia,purple
62,Fiji,2019,FJI,0.2926791,2.917755,4.039825,0.274635,0.105710186,186.46461,448.39,383.6016,58.63805,22.640697,Fiji,pink
63,Finland,2019,FIN,0.264076,4.139295,3.9931211,0.8902839,0.48180753,167.9568,722.902,382.44467,191.22415,102.465935,Finland,dark purple
64,France,2019,FRA,0.26827893,3.835741,6.2742558,0.90416586,0.46825343,171.66977,673.52576,600.69684,194.77293,100.47292,France,dark purple
65,Gabon,2019,GAB,0.22967814,5.5459714,3.9851205,0.5622134,0.18273167,145.70482,1001.9402,378.28967,120.37192,38.64514,Gabon,purple
66,Gambia,2019,GMB,0.21232498,5.5018787,3.3126862,0.54847974,0.09281238,135.81279,994.1932,316.72253,118.07408,19.852236,Gambia,purple
67,Georgia,2019,GEO,0.27726552,3.3233132,2.4950473,0.5246634,0.12736228,178.26521,561.3586,238.67186,113.57591,27.402382,Georgia,pink
68,Germany,2019,DEU,0.26269624,3.3767943,6.208145,0.7469019,0.42561316,166.99728,583.5697,592.5493,160.14557,91.84972,Germany,dark purple
69,Ghana,2019,GHA,0.21691793,4.3620286,3.0005414,0.54393464,0.117816195,138.92679,754.258,287.82965,117.51619,25.218935,Ghana,purple
70,Greece,2019,GRC,0.27222666,5.0422506,5.7790413,0.90686923,0.42984423,173.80046,927.75476,553.9474,195.079,91.78014,Greece,purple
71,Greenland,2019,GRL,0.3757375,5.835712,4.8561225,0.65031314,0.5001417,237.53403,1098.6917,459.74368,139.01001,105.76942,Greenland,purple
72,Grenada,2019,GRD,0.27920952,3.23476,4.2821164,0.9181254,0.22329906,178.97754,567.0778,409.09875,198.7741,47.534424,Grenada,dark purple
73,Guam,2019,GUM,0.32720676,3.1972318,4.013985,0.28497666,0.1828871,210.7296,513.9477,384.94928,61.5382,39.115543,Guam,pink
74,Guatemala,2019,GTM,0.26276714,3.6679313,4.263226,0.80035627,0.18659185,167.29846,658.2619,406.4585,172.62886,39.723637,Guatemala,dark purple
75,Guinea,2019,GIN,0.20905477,4.3731165,3.3388844,0.53725857,0.09339962,133.81744,756.12463,319.80295,116.028885,20.000965,Guinea,purple
76,Guinea-Bissau,2019,GNB,0.20376217,4.4942803,3.0934513,0.52663183,0.08834084,130.15312,780.0025,295.64886,113.25198,18.8963,Guinea-Bissau,purple
77,Guyana,2019,GUY,0.26300907,4.927692,4.3815017,0.8697546,0.18756385,166.12863,915.4424,414.3309,186.35129,39.639538,Guyana,purple
78,Haiti,2019,HTI,0.2413061,3.6351175,4.635318,0.8438882,0.122097835,152.96342,644.38586,438.31476,180.9449,25.830563,Haiti,dark purple
79,Honduras,2019,HND,0.2616812,3.1551142,4.090965,0.81202614,0.167219,167.34178,552.37646,391.36404,175.82936,35.698673,Honduras,dark purple
80,Hungary,2019,HUN,0.2914906,2.8233702,3.4067228,0.5375118,0.1835278,187.27826,458.06262,325.34982,116.37727,39.47594,Hungary,pink
81,Iceland,2019,ISL,0.27835035,2.9365938,5.1037683,0.9084446,0.4541073,177.96698,485.75662,489.7725,195.8051,96.61506,Iceland,dark purple
82,India,2019,IND,0.28522602,3.6598387,2.9674358,0.3541412,0.12927622,180.38898,616.13,278.50314,75.254654,27.497412,India,pink
83,Indonesia,2019,IDN,0.29368687,2.4184713,3.5480037,0.33060965,0.11084955,189.27168,350.2642,338.9018,71.24943,23.919266,Indonesia,pink
84,Iran,2019,IRN,0.2541629,4.860692,7.26808,0.81717443,0.2540833,162.02142,890.32446,695.7628,175.84076,53.944305,Iran,purple
85,Iraq,2019,IRQ,0.24618399,3.9326482,5.33799,0.6765268,0.20871635,156.52112,690.8722,510.10797,145.29636,44.165936,Iraq,dark purple
86,Ireland,2019,IRL,0.35267243,4.2169313,6.9078193,0.701279,0.45577714,224.24637,749.2043,661.21454,150.4242,96.49427,Ireland,dark purple
87,Israel,2019,ISR,0.29913944,4.127255,3.7392616,1.0514655,0.38732913,191.59685,734.18823,359.06854,227.08182,82.20014,Israel,dark purple
88,Italy,2019,ITA,0.29120925,3.561658,5.5624604,0.89349115,0.54448926,185.5313,620.3782,532.10895,191.76006,115.64655,Italy,dark purple
89,Jamaica,2019,JAM,0.27614054,3.0646706,4.0547247,0.9436392,0.19291341,177.48836,532.1288,388.20575,204.77824,41.092247,Jamaica,pink
90,Japan,2019,JPN,0.30083296,2.1032803,2.3241255,0.6442883,0.38879964,195.18527,373.8522,224.86041,140.43578,85.67782,Japan,pink
91,Jordan,2019,JOR,0.2550567,4.15211,4.933855,0.7818655,0.19342121,164.00864,743.532,475.06412,169.6371,41.203175,Jordan,dark purple
92,Kazakhstan,2019,KAZ,0.282443,3.4412057,2.1156304,0.50741726,0.16284963,181.17099,586.6018,202.17244,109.6311,34.96742,Kazakhstan,pink
93,Kenya,2019,KEN,0.21664362,4.723163,3.41804,0.60172975,0.106974006,138.47491,820.19635,326.0198,129.566,22.940166,Kenya,purple
94,Kiribati,2019,KIR,0.2558946,2.9703078,4.098131,0.2571488,0.06961527,162.91335,457.4796,388.98743,54.997856,14.950806,Kiribati,pink
95,Kuwait,2019,KWT,0.27380788,4.0603004,4.599968,0.81019646,0.34584403,175.59567,723.94696,442.73688,175.30579,74.04555,Kuwait,dark purple
96,Kyrgyzstan,2019,KGZ,0.2620818,3.3816984,2.0599196,0.51576376,0.09326466,169.50215,577.76697,197.99797,112.12632,20.144735,Kyrgyzstan,pink
97,Laos,2019,LAO,0.28031668,2.7468913,4.5706754,0.32474777,0.09885296,180.71788,417.5355,437.10196,70.24087,21.286186,Laos,pink
98,Latvia,2019,LVA,0.28601405,3.7478287,3.748034,0.5201065,0.1660531,183.71483,650.91736,358.8856,112.445526,35.727215,Latvia,dark purple
99,Lebanon,2019,LBN,0.25352445,4.652712,6.0510345,0.94117516,0.224312,161.43504,842.0057,579.4061,203.00905,47.663963,Lebanon,purple
100,Lesotho,2019,LSO,0.2047265,5.511564,3.5554914,0.5321807,0.10791386,127.19747,979.28174,334.34225,112.71994,22.839012,Lesotho,purple
101,Liberia,2019,LBR,0.20702705,4.556289,3.5066519,0.54334027,0.076098874,130.58527,786.62244,332.1068,115.60084,16.278492,Liberia,purple
102,Libya,2019,LBY,0.24989693,4.406427,5.324334,0.77044964,0.20108777,159.0644,791.4714,509.66724,165.78183,42.623726,Libya,purple
103,Lithuania,2019,LTU,0.2884198,3.9911947,4.2541876,0.5211538,0.17335068,185.36311,702.435,407.15076,112.60585,37.067364,Lithuania,dark purple
104,Luxembourg,2019,LUX,0.2819182,3.2193074,5.2770224,0.896122,0.5688226,179.35359,542.15045,505.00296,192.58974,122.127884,Luxembourg,dark purple
105,Madagascar,2019,MDG,0.21233796,4.737187,3.9632103,0.59737605,0.086541794,136.23373,823.2693,378.5086,129.03984,18.570667,Madagascar,purple
106,Malawi,2019,MWI,0.20184024,4.100136,3.8456526,0.5773636,0.0793044,128.55537,684.9063,366.02643,124.23833,17.069988,Malawi,dark purple
107,Malaysia,2019,MYS,0.316804,3.6630948,4.5992527,0.33939177,0.15047508,204.7591,611.6648,439.80783,73.32001,32.365715,Malaysia,dark purple
108,Maldives,2019,MDV,0.31349456,2.9122725,3.5796337,0.33861485,0.1219199,203.80487,459.45132,344.0901,73.70553,26.274586,Maldives,pink
109,Mali,2019,MLI,0.21123697,3.5413845,2.7260087,0.5419619,0.092865065,135.94405,583.2502,261.37875,117.23054,19.916794,Mali,pink
110,Malta,2019,MLT,0.27710927,3.1311812,6.2475963,0.9121692,0.42228425,176.87582,525.511,598.2675,196.04474,90.18078,Malta,dark purple
111,Marshall Islands,2019,MHL,0.27260956,2.8873966,4.0164247,0.26586974,0.08263287,173.55695,442.73434,381.21692,56.823063,17.779163,Marshall Islands,pink
112,Mauritania,2019,MRT,0.22032183,3.6558447,2.7462342,0.5560791,0.1137088,142.08527,609.07904,264.3778,120.61855,24.365778,Mauritania,pink
113,Mauritius,2019,MUS,0.3104569,3.8047628,3.8150282,0.33751646,0.13929899,198.58032,636.81433,362.9281,72.519394,29.744638,Mauritius,dark purple
114,Mexico,2019,MEX,0.28389058,3.5358298,3.5132816,0.9148764,0.24183847,181.26976,630.57764,335.56158,197.74222,51.58207,Mexico,dark purple
115,Micronesia (country),2019,FSM,0.26928583,2.909947,4.0343943,0.26449215,0.08010233,172.42331,448.35782,384.40808,56.650066,17.253693,Micronesia (country),pink
116,Moldova,2019,MDA,0.26885495,3.22074,4.078755,0.5182467,0.10844338,172.97597,540.8286,390.62427,112.205925,24.426199,Moldova,pink
117,Monaco,2019,MCO,0.29540223,4.0564504,5.501611,0.90075177,0.8699128,187.83234,719.1517,526.79407,193.573,184.88684,Monaco,dark purple
118,Mongolia,2019,MNG,0.27248925,3.9632094,2.1429229,0.49995935,0.13303629,175.10106,700.2731,205.45448,108.381454,28.54045,Mongolia,purple
119,Montenegro,2019,MNE,0.2888891,2.8178656,3.6586478,0.54094183,0.15447724,185.24132,458.3942,349.85477,117.18692,33.21832,Montenegro,pink
120,Morocco,2019,MAR,0.24282132,5.07854,4.7997293,0.745084,0.18633235,155.29015,934.5825,460.46152,160.63202,39.536774,Morocco,purple
121,Mozambique,2019,MOZ,0.20393638,4.992671,4.035234,0.5785625,0.0839527,128.2202,865.3616,381.51675,123.32685,17.854473,Mozambique,purple
122,Myanmar,2019,MMR,0.27820054,2.1933033,3.9770174,0.3167098,0.09567405,179.12164,298.18686,379.27448,68.31429,20.625309,Myanmar,pink
123,Namibia,2019,NAM,0.22256449,3.6164615,3.49189,0.5531963,0.16063276,140.65012,592.73083,331.12424,118.36268,34.071205,Namibia,pink
124,Nauru,2019,NRU,0.28296125,3.1496468,4.0565453,0.2611896,0.112175204,181.0317,497.94717,386.97192,56.059853,23.991028,Nauru,pink
125,Nepal,2019,NPL,0.26699284,4.8975983,3.2773163,0.38390607,0.10316985,169.46042,874.04456,309.5074,82.25667,22.053959,Nepal,purple
126,Netherlands,2019,NLD,0.36796945,3.5344012,6.7548013,0.78764594,0.38367063,235.20497,616.81335,648.31116,170.14058,83.7269,Netherlands,dark purple
127,New Zealand,2019,NZL,0.3886144,3.7238638,7.263469,1.5064018,0.6033723,247.1495,658.14215,691.54395,324.1498,127.375534,New Zealand,dark purple
128,Nicaragua,2019,NIC,0.27072757,3.2548654,4.3657975,0.8515433,0.16589764,173.16185,576.9309,418.06006,184.63379,35.45871,Nicaragua,dark purple
129,Niger,2019,NER,0.20768712,4.235215,2.9678462,0.54284483,0.078765206,133.7769,730.0042,284.90048,117.581535,16.98439,Niger,purple
130,Nigeria,2019,NGA,0.22260755,3.8173978,2.9917774,0.5542446,0.12942946,142.45244,639.5516,285.8011,119.29514,27.551727,Nigeria,pink
131,Niue,2019,NIU,0.29637173,3.1407,4.0224557,0.275173,0.118197,189.21573,495.43948,382.396,58.881645,25.283674,Niue,pink
132,North Korea,2019,PRK,0.26126185,2.6769247,3.61212,0.18194291,0.06607657,170.51378,401.11148,348.51056,39.635036,14.495507,North Korea,pink
133,North Macedonia,2019,MKD,0.28765607,2.570906,3.5915322,0.5418609,0.14246428,185.06987,406.8021,343.77505,117.39422,30.507004,North Macedonia,pink
134,Northern Mariana Islands,2019,MNP,0.31241596,2.780081,4.0044084,0.28020623,0.15098754,201.0392,424.8915,383.37122,60.414482,32.328724,Northern Mariana Islands,pink
135,Norway,2019,NOR,0.28272113,3.2382026,6.7358413,0.8286233,0.47473136,179.96977,552.05084,644.0999,177.81323,101.13806,Norway,dark purple
136,Oman,2019,OMN,0.2642391,3.962998,4.61154,0.68607295,0.26507118,170.40915,707.796,444.1965,148.78291,56.599567,Oman,dark purple
137,Pakistan,2019,PAK,0.27888608,3.9425256,3.474194,0.38789725,0.12147353,177.38658,678.266,328.23407,82.95703,25.903376,Pakistan,dark purple
138,Palau,2019,PLW,0.29782072,3.089023,3.9466903,0.2698488,0.11985811,190.21106,488.6608,376.1202,57.847576,25.642654,Palau,pink
139,Palestine,2019,PSE,0.24819995,6.1989517,5.5458045,0.7907242,0.15811732,157.26195,1168.6812,529.1111,169.31648,33.45399,Palestine,purple
140,Panama,2019,PAN,0.28811285,2.9369144,3.6566825,0.8495454,0.28251824,185.10315,510.9937,350.81192,184.08081,60.87169,Panama,pink
141,Papua New Guinea,2019,PNG,0.27093467,3.072686,3.995107,0.263657,0.08146171,172.1301,481.89618,378.75336,56.421364,17.438366,Papua New Guinea,pink
142,Paraguay,2019,PRY,0.2778201,3.6945765,6.304892,1.0898001,0.21759573,178.02931,663.8952,600.9803,235.76422,47.34677,Paraguay,dark purple
143,Peru,2019,PER,0.27953792,2.2116694,5.551791,0.91938907,0.29595372,180.57603,355.2181,533.3798,200.12778,63.22947,Peru,pink
144,Philippines,2019,PHL,0.29213402,2.779254,4.563437,0.3369464,0.10456553,187.79942,424.69357,435.027,72.497185,22.555529,Philippines,pink
145,Poland,2019,POL,0.2945265,2.2779574,3.082497,0.5506919,0.18609495,189.29773,349.13345,294.93384,119.17852,40.44478,Poland,pink
146,Portugal,2019,PRT,0.26907453,4.3940663,8.02761,0.87302935,0.42184258,171.31992,787.1518,767.6767,187.63242,89.29479,Portugal,dark purple
147,Puerto Rico,2019,PRI,0.29279828,2.8828056,4.442561,0.94706076,0.310856,187.82295,493.66272,425.1364,205.10939,66.136925,Puerto Rico,pink
148,Qatar,2019,QAT,0.28495243,3.9513783,4.26387,0.7445955,0.3464426,182.49683,708.3772,410.7429,161.1792,74.01693,Qatar,dark purple
149,Romania,2019,ROU,0.28902072,2.6501622,3.2856169,0.6372142,0.16204906,186.16963,424.43875,314.76346,138.33473,34.887188,Romania,pink
150,Russia,2019,RUS,0.281813,3.0799155,3.1336958,0.51406276,0.16156821,180.30907,513.0767,299.18607,110.7597,34.798225,Russia,pink
151,Rwanda,2019,RWA,0.20999436,5.0970206,3.6533618,0.58875066,0.09405708,133.44463,894.7885,347.41547,126.66572,20.132242,Rwanda,purple
152,Saint Kitts and Nevis,2019,KNA,0.28408948,3.9269922,4.308869,0.90990686,0.28756824,181.9656,711.2915,411.93716,197.0199,61.260265,Saint Kitts and Nevis,dark purple
153,Saint Lucia,2019,LCA,0.27692154,3.3162744,4.307126,0.92425954,0.21924117,177.00368,582.3665,410.60846,199.72354,46.612297,Saint Lucia,dark purple
154,Saint Vincent and the Grenadines,2019,VCT,0.2742307,3.3676143,4.2993255,0.9090553,0.21304461,175.40672,594.3808,410.277,196.48335,45.330963,Saint Vincent and the Grenadines,dark purple
155,Samoa,2019,WSM,0.2866452,2.8027563,4.027854,0.2748158,0.09448495,184.0594,428.02985,384.68683,59.11048,20.330866,Samoa,pink
156,San Marino,2019,SMR,0.28010872,4.0918827,5.542622,0.9189005,0.50515896,178.34587,726.7098,531.01685,197.6637,106.85454,San Marino,dark purple
157,Sao Tome and Principe,2019,STP,0.22281662,3.7094643,3.0837884,0.56482846,0.11107093,143.34612,620.8863,296.67783,122.307,23.882172,Sao Tome and Principe,pink
158,Saudi Arabia,2019,SAU,0.2628555,4.216069,4.5544286,0.7622446,0.27899438,167.77563,748.7056,437.261,164.40778,59.767307,Saudi Arabia,dark purple
159,Senegal,2019,SEN,0.21622801,4.0294,2.8934357,0.55274326,0.10354699,138.8746,683.3914,277.27914,119.264915,22.138414,Senegal,purple
160,Serbia,2019,SRB,0.28505,2.814907,3.33539,0.540287,0.14359924,183.18143,456.63318,319.0647,116.932556,30.882065,Serbia,pink
161,Seychelles,2019,SYC,0.31363437,2.644615,3.7375588,0.3341308,0.1512988,202.38803,396.9893,357.41205,72.18231,32.633553,Seychelles,pink
162,Sierra Leone,2019,SLE,0.20804136,4.392157,3.6633224,0.53831226,0.08656057,132.89511,760.3615,350.64008,116.09445,18.56576,Sierra Leone,purple
163,Singapore,2019,SGP,0.3191951,2.0081315,2.7080863,0.7197487,0.453674,208.19023,355.21646,262.66132,157.69836,97.324684,Singapore,pink
164,Slovakia,2019,SVK,0.29567876,2.695262,3.4256656,0.54230446,0.18270175,189.754,432.43103,327.40146,117.38398,39.07842,Slovakia,pink
165,Slovenia,2019,SVN,0.2995073,3.1152232,3.3891728,0.5467665,0.1849328,192.32123,519.806,324.23,118.329994,39.521275,Slovenia,pink
166,Solomon Islands,2019,SLB,0.25524026,3.0039446,4.0285625,0.2548458,0.0693035,163.1519,468.57394,383.9438,54.66483,14.89786,Solomon Islands,pink
167,Somalia,2019,SOM,0.18841599,4.84665,3.2728631,0.5812081,0.045336246,120.177605,842.24835,310.7463,125.096146,9.833867,Somalia,purple
168,South Africa,2019,ZAF,0.22481367,4.298678,3.786144,0.5569932,0.16455814,141.14746,733.9973,357.19547,118.4595,34.76596,South Africa,purple
169,South Korea,2019,KOR,0.30063236,2.091181,3.2213244,0.5002964,0.35135385,194.87764,357.63556,310.93314,109.01052,75.31843,South Korea,pink
170,South Sudan,2019,SSD,0.22934605,4.749942,4.9776773,0.6109647,0.15204576,144.23735,812.59125,468.98935,129.92403,32.033985,South Sudan,purple
171,Spain,2019,ESP,0.2656171,4.704455,4.8611727,0.92482716,0.59025174,170.51418,854.19666,465.5033,199.39117,125.413765,Spain,purple
172,Sri Lanka,2019,LKA,0.3008161,2.8662298,4.0355477,0.33558726,0.120000996,193.52002,440.8701,385.41315,72.30974,25.841389,Sri Lanka,pink
173,Sudan,2019,SDN,0.23268405,4.4230967,4.745971,0.73181224,0.14551556,149.08105,797.85693,455.18668,157.95877,30.938637,Sudan,purple
174,Suriname,2019,SUR,0.2756343,4.6881685,4.141955,0.8973406,0.22762749,175.65927,869.92535,393.7075,193.14304,48.232838,Suriname,purple
175,Sweden,2019,SWE,0.27025598,4.116486,4.795127,0.97393054,0.51417124,172.25583,728.2468,459.72815,209.96623,109.52554,Sweden,dark purple
176,Switzerland,2019,CHE,0.2799828,3.705447,6.79061,0.9417426,0.4910716,178.6776,635.3109,650.5403,202.4897,107.11581,Switzerland,dark purple
177,Syria,2019,SYR,0.24236715,4.132855,5.60757,0.77377516,0.15828523,154.36089,731.2494,535.5609,166.255,33.455532,Syria,dark purple
178,Taiwan,2019,TWN,0.31342354,2.564065,3.6654854,0.19377136,0.173583,204.4044,378.7589,354.692,42.222954,37.444847,Taiwan,pink
179,Tajikistan,2019,TJK,0.2636819,2.8172803,2.4035394,0.51602787,0.08860962,170.56447,459.0753,230.98955,112.11625,19.201311,Tajikistan,pink
180,Tanzania,2019,TZA,0.21327442,4.651242,3.8125863,0.59105045,0.10528517,136.55493,802.2688,363.27722,127.39958,22.46827,Tanzania,purple
181,Thailand,2019,THA,0.30105522,2.847038,3.399738,0.32977024,0.13236374,194.85661,438.0736,326.5251,71.50412,28.565636,Thailand,pink
182,Togo,2019,TGO,0.2087059,4.5008154,3.592497,0.5395201,0.08961096,133.74069,783.32574,344.09924,116.47724,19.234024,Togo,purple
183,Tokelau,2019,TKL,0.28980696,3.1222134,4.0038543,0.27477935,0.10262833,186.20375,494.85623,382.42862,59.148365,22.041817,Tokelau,pink
184,Tonga,2019,TON,0.29104534,2.6947968,4.062976,0.28197634,0.09377603,187.3583,404.09464,388.79108,60.798748,20.138292,Tonga,pink
185,Trinidad and Tobago,2019,TTO,0.28689462,3.82637,3.8713686,0.9088345,0.28171644,183.25206,691.4384,369.8041,196.5508,59.94061,Trinidad and Tobago,dark purple
186,Tunisia,2019,TUN,0.2524584,5.049405,5.164141,0.787781,0.20487007,161.90733,930.1461,497.23267,170.53842,43.620987,Tunisia,purple
187,Turkey,2019,TUR,0.24893442,3.9422681,4.513604,0.795696,0.2917118,159.78465,696.29266,433.74423,172.22185,61.95884,Turkey,dark purple
188,Turkmenistan,2019,TKM,0.2810101,3.0497415,2.3415134,0.5058993,0.15248261,181.7876,508.89328,225.03067,110.058975,32.82547,Turkmenistan,pink
189,Tuvalu,2019,TUV,0.27550524,3.1250875,4.007321,0.26749822,0.08227526,176.78947,494.9349,382.25226,57.401867,17.75988,Tuvalu,pink
190,Uganda,2019,UGA,0.20794602,6.5845194,4.080157,0.5818194,0.09564634,132.37558,1212.0945,388.74808,125.140594,20.482327,Uganda,purple
191,Ukraine,2019,UKR,0.27143335,3.8973033,3.133128,0.5213342,0.121123455,173.72682,683.4211,299.75256,112.4573,26.073982,Ukraine,dark purple
192,United Arab Emirates,2019,ARE,0.27531648,3.5784907,4.243272,0.752012,0.30040544,176.54521,628.6291,408.53745,163.0362,64.13655,United Arab Emirates,dark purple
193,United Kingdom,2019,GBR,0.24625693,4.0975676,4.4602027,1.0944765,0.4250394,155.44608,721.29236,424.3838,233.84099,90.533035,United Kingdom,dark purple
194,United States,2019,USA,0.43364868,4.375998,5.6977477,0.6012978,0.42435044,270.65967,774.97437,533.5562,127.41404,89.455574,United States,dark purple
195,United States Virgin Islands,2019,VIR,0.29547048,3.3567483,4.365093,0.91947335,0.34684423,189.51546,593.11206,418.07587,199.2274,73.77198,United States Virgin Islands,dark purple
196,Uruguay,2019,URY,0.3134878,2.840908,5.1539445,0.9843416,0.3535729,201.13924,508.78702,494.1361,213.15901,75.259995,Uruguay,dark purple
197,Uzbekistan,2019,UZB,0.2701455,3.164448,2.0256548,0.5113078,0.11560703,174.02235,530.95215,194.11256,110.99758,24.844477,Uzbekistan,pink
198,Vanuatu,2019,VUT,0.26988906,2.9744234,4.02928,0.26652375,0.077522516,172.5528,462.557,383.61334,57.128426,16.642832,Vanuatu,pink
199,Venezuela,2019,VEN,0.2758915,3.2147944,3.9995134,0.83046305,0.21330635,177.13849,568.5661,383.50534,180.13118,45.479874,Venezuela,dark purple
200,Vietnam,2019,VNM,0.32355136,2.473061,2.2873394,0.33610305,0.09474524,210.68578,360.2322,220.24388,73.04614,20.586077,Vietnam,pink
201,World,2019,OWID_WRL,0.28740895,3.4400527,3.779522,0.4898171,0.17395177,184.14943,577.74695,360.12097,105.43025,37.189297,World,pink
202,Yemen,2019,YEM,0.22567965,4.8953676,4.7837157,0.72597986,0.12351241,143.3264,890.9882,455.44073,155.4427,26.062387,Yemen,purple
203,Zambia,2019,ZMB,0.21286875,4.2194896,3.9692068,0.5744539,0.11466904,134.65456,708.9351,375.89227,122.78834,24.392563,Zambia,dark purple
204,Zimbabwe,2019,ZWE,0.20248154,3.3954756,3.1370168,0.5385804,0.09829536,128.21603,544.5316,298.20325,115.38145,21.011127,Zimbabwe,pink
